participant_Id,no_of_days_checked,Min_weight,Max_weight,no_of_days
1503960366,2,52.59999847,52.59999847,< 10
1927972279,1,133.5,133.5,< 10
2873212765,2,56.70000076,57.29999924,< 10
4319703577,2,72.30000305,72.40000153,< 10
4558609924,5,69.09999847,70.30000305,< 10
5577150313,1,90.69999695,90.69999695,< 10
6962181067,30,61.0,62.5,> 30
8877689391,24,84.0,85.80000305,20 - 30